Name,Email,Salary,Manager,Position
Test,example@domain.com,1000,66,1
Test,example2@domain.com,1000,66,1
Test,Irma_Ledner@gmail.com,1000,66,1
Test,Tremaine10@gmail.com,1000,66,1
Test,Sammy70@hotmail.com,1000,66,1
Test,Antonina_Franecki@yahoo.com,1000,66,1
Test,Gaylord.Barrows@hotmail.com,1000,66,1
Test,Claudia.Gaylord@hotmail.com,1000,66,1
Test,Twila.Torp35@yahoo.com,1000,66,1
Test,Elisa75@gmail.com,1000,66,1
Test,Delbert.Dach47@gmail.com,1000,66,1
Test,Percival_Wisoky76@hotmail.com,1000,66,1
Test,Monroe94@hotmail.com,1000,66,1
,,,,

